<?xml version="1.0" encoding="UTF-8"?>
<beans xmlns="http://www.springframework.org/schema/beans"
	xmlns:xsi="http://www.w3.org/2001/XMLSchema-instance"
	xmlns:aop="http://www.springframework.org/schema/aop"
	xmlns:tx="http://www.springframework.org/schema/tx"
	xsi:schemaLocation="http://www.springframework.org/schema/beans http://www.springframework.org/schema/beans/spring-beans.xsd
		http://www.springframework.org/schema/aop http://www.springframework.org/schema/aop/spring-aop-3.1.xsd
		http://www.springframework.org/schema/tx http://www.springframework.org/schema/tx/spring-tx-3.1.xsd">

	<bean id="logAop" class="com.hk.tourmate.common.aop.LogAop"></bean>

	<aop:config>
		<aop:pointcut expression="execution(public * com.hk.tourmate.*.model.dao.*Dao*.*(..))" id="DaoPoint"/>
		<aop:aspect id="logAop" ref="logAop">
			<aop:before method="before" pointcut-ref="DaoPoint"/>
			<aop:after method="after" pointcut-ref="DaoPoint"/>
			<aop:after-throwing method="afterThrowing" pointcut-ref="DaoPoint"/>
		</aop:aspect>
	</aop:config>
	
	<tx:annotation-driven transaction-manager="transactionManager"/>

</beans>
