<?xml version="1.0" encoding="UTF-8"?>
<beans xmlns="http://www.springframework.org/schema/beans"
	xmlns:xsi="http://www.w3.org/2001/XMLSchema-instance" xmlns:aop="http://www.springframework.org/schema/aop"
	xmlns:tx="http://www.springframework.org/schema/tx"
	xsi:schemaLocation="http://www.springframework.org/schema/beans http://www.springframework.org/schema/beans/spring-beans.xsd
		http://www.springframework.org/schema/aop http://www.springframework.org/schema/aop/spring-aop-3.1.xsd
		http://www.springframework.org/schema/tx http://www.springframework.org/schema/tx/spring-tx-3.1.xsd">

	<!-- Root Context: defines shared resources visible to all other web components -->

	<!-- db.properties 위치 -->
	<bean
		class="org.springframework.beans.factory.config.PropertyPlaceholderConfigurer">
		<property name="locations">
			<list>
				<value>classpath:properties/db.properties</value>
			</list>
		</property>
	</bean>


	<bean id="dataSource" class="org.apache.commons.dbcp.BasicDataSource">
		<property name="url" value="${url}" />
		<property name="driverClassName" value="${driver}" />
		<property name="username" value="${username}" />
		<property name="password" value="${password}" />
	</bean>

	<!-- dataSource 연결 -->
	<bean id="sqlSession" class="org.mybatis.spring.SqlSessionFactoryBean">
		<property name="dataSource" ref="dataSource" />
		<property name="configLocation" value="/WEB-INF/spring/sqls/mybatis-config.xml"></property>
	</bean>

	<!-- sqlsessionfactory를 sqlsessiontempladte로 -->
	<bean id="sqlSessionTemplate" class="org.mybatis.spring.SqlSessionTemplate">
		<constructor-arg index="0" ref="sqlSession" />
	</bean>

	<!-- Transaction 처리 -->
	<bean id="transactionManager"
		class="org.springframework.jdbc.datasource.DataSourceTransactionManager">
		<property name="dataSource" ref="dataSource" />
	</bean>

	<!-- Service Transaction -->
	<tx:advice id="txAdvice" transaction-manager="transactionManager">
		<tx:attributes>
			<tx:method name="*" propagation="REQUIRED" rollback-for="Exception" />
		</tx:attributes>
	</tx:advice>

	<!-- file upload -->
	<bean id="multipartResolver"
		class="org.springframework.web.multipart.commons.CommonsMultipartResolver">
		<property name="maxUploadSize" value="-1" />
		<property name="defaultEncoding" value="UTF-8" />
	</bean>


	<aop:config>
		<aop:advisor advice-ref="txAdvice"
			pointcut="execution(* com.hk.tourmate.*.model.service.*Service*.*(..))" />
	</aop:config>


</beans>
