<?xml version="1.0" encoding="UTF-8"?>
<!DOCTYPE configuration PUBLIC "-//mybatis.org//DTD Config 3.0//EN" "http://mybatis.org/dtd/mybatis-3-config.dtd" >
<configuration>
	<settings>	
		<setting name="jdbcTypeForNull" value="NULL"/>	
	</settings>

	<typeAliases>
		<typeAlias type="com.hk.tourmate.group.dto.CalBoardDto" alias="calboard"/>
		<typeAlias type="com.hk.tourmate.match.dto.MyGroupDto" alias="mygroup"/>
		<typeAlias type="com.hk.tourmate.match.dto.MatchDto" alias="match"/>
		<typeAlias type="com.hk.tourmate.login.dto.MemberDto" alias="member"/>
		<typeAlias type="com.hk.tourmate.login.dto.MemberDto" alias="memberDto"/>
		<typeAlias type="com.hk.tourmate.login.dto.DestinationDto" alias="destination"/>
		<typeAlias type="com.hk.tourmate.group.dto.RecommendationDto" alias="recommendation"/>
		<typeAlias type="com.hk.tourmate.match.dto.TourDiaryDto" alias="tourDiary"/>
		<typeAlias type="com.hk.tourmate.group.dto.TalkBoardDto" alias="talk"/>
		<typeAlias type="com.hk.tourmate.match.dto.MessageBoxDto" alias="messageBox"/>
		<typeAlias type="com.hk.tourmate.group.dto.GroupDto" alias="group"/>
	</typeAliases>
	<mappers>
		<mapper resource="/sqls/mybatis-mapper.xml"/>
		<mapper resource="/sqls/matching_group.xml"/>
	</mappers>
	
</configuration>
