<?xml version="1.0" encoding="UTF-8"?>
<!DOCTYPE mapper PUBLIC "-//mybatis.org//DTD Mapper 3.0//EN" "http://mybatis.org/dtd/mybatis-3-mapper.dtd" >
<mapper namespace="matching">
	<resultMap type="com.hk.tourmate.login.dto.MemberDto" id="MemberDtos">
		<result property="id" column="ID" />
		<result property="password" column="PASSWORD" />
		<result property="gender" column="GENDER" />
		<result property="name" column="NAME" />
		<result property="address" column="ADDRESS" />
		<result property="phone" column="PHONE" />
		<result property="email" column="EMAIL" />
		<result property="birth" column="BIRTH" />
		<result property="img" column="IMG" />
		<result property="role" column="ROLE" />
		<result property="enabled" column="ENABLED"/>
	</resultMap>
					
					
	<resultMap type="com.hk.tourmate.match.dto.MatchDto" id="MatchDtos">
		<result property="id" column="ID" />
		<result property="country" column="COUNTRY"/>
		<result property="city" column="CITY" />
		<result property="sdate" column="SDATE" />
		<result property="ldate" column="LDATE" />
		<collection property="memberDto" resultMap="MemberDtos"/>
	</resultMap>
					   
					   
	<resultMap type="com.hk.tourmate.match.dto.MyGroupDto" id="MyGroupDtos">
		<result property="mgseq" column="MGSEQ"/>
		<result property="id" column="ID"/>
		<result property="gseq" column="GSEQ"/>
		<result property="enabled" column="ENABLED"/>			
	</resultMap>
	   
	<resultMap type="com.hk.tourmate.group.dto.GroupDto" id="MgGroups">
		<result property="gseq" column="GSEQ"/>
		<result property="gname" column="GNAME"/>
		<result property="gcontent" column="GCONTENT"/>
		<result property="country" column="COUNTRY"/>
		<result property="city" column="CITY"/>
		<result property="sdate" column="SDATE"/>
		<result property="ldate" column="LDATE"/>
		<result property="enabled" column="ENABLED"/>
		<result property="datamove" column="DATAMOVE"/>
		<result property="leader" column="LEADER"/>
		<result property="cnt" column="CNT"/>
		<collection property="mygroupDto" resultMap="MyGroupDtos"/>	
	</resultMap>
	
	<select id="selectMatch" parameterType="String" resultMap="MatchDtos">
	select m.*,d.*
	from member m 
	left join destination d
	on m.id =d.id
	where  m.id = #{id}
	</select>

	<select id="matchDuoList" parameterType="java.util.Map"
		resultMap="MatchDtos">
	<![CDATA[
		select m.id,m.img,d.country,d.city,d.sdate,d.ldate
		from member m , destination d
		where m.id = d.id 
		and m.id<>#{id} and d.country is not null
		and d.city is not null
		and to_date(to_char(d.ldate)) >=  to_date(to_char(sysdate))
		order by (case d.country when #{country} then '1'
		else '0' end)desc,(case d.city when #{city} then '1'
		else '0' end)desc,d.country ,d.city
	]]>
	</select>
	
	<select id="matchGroupQseq" parameterType="int" resultMap="MgGroups">	
	 SELECT * FROM MATCHING_GROUP WHERE GSEQ = #{gseq} AND ENABLED = 'Y'
	</select>	
	

	<select id="matchgroupList" parameterType="java.util.Map" resultMap="MgGroups">
		<![CDATA[
		SELECT MY.*,MYC.CNT,MG.* 
	 	FROM MYGROUP MY 
	 	LEFT JOIN (SELECT GSEQ, COUNT(GSEQ) CNT FROM MYGROUP GROUP BY GSEQ ) MYC 
	 	ON MY.GSEQ = MYC.GSEQ 
	 	JOIN MATCHING_GROUP MG 
	 	ON (MY.GSEQ = MG.GSEQ)  
        WHERE MG.GSEQ NOT IN  (SELECT GSEQ
                                     FROM MYGROUP
                                     WHERE ID = #{id})        
        AND TO_DATE(TO_CHAR(LDATE)) >=  TO_DATE(TO_CHAR(SYSDATE))                                                                                                           
	 	ORDER BY DECODE(MG.COUNTRY,#{country},1 ,MG.CITY,#{city},2),MG.COUNTRY,MG.CITY
 	]]>	 		
	</select>
	
	<select id="soloSerch" parameterType="java.util.Map" resultMap="MatchDtos">
	<![CDATA[
		SELECT M.*, D.*
		FROM MEMBER M , DESTINATION D
		WHERE (M.ID = D.ID) AND D.ID <> #{id}
		AND TO_DATE(TO_CHAR(D.LDATE)) >=  TO_DATE(TO_CHAR(SYSDATE))		
		AND (D.COUNTRY LIKE  '%'||#{serchtext}||'%' OR D.CITY LIKE '%'||#{serchtext}||'%')
		ORDER BY D.CITY DESC,D.COUNTRY DESC
		]]>	
	</select>
	
	<select id="groupSerch" parameterType="java.util.Map" resultMap="MgGroups">
		SELECT MY.*,MYC.CNT,MG.* 
	 	FROM MYGROUP MY 
	 	LEFT JOIN (SELECT GSEQ, COUNT(GSEQ) CNT FROM MYGROUP GROUP BY GSEQ ) MYC 
	 	ON MY.GSEQ = MYC.GSEQ 
	 	JOIN MATCHING_GROUP MG 
	 	ON (MY.GSEQ = MG.GSEQ)  
        WHERE MG.GSEQ NOT IN  (SELECT GSEQ
                                     FROM MYGROUP
                                     WHERE ID = #{id})
        AND (MG.COUNTRY LIKE '%'||#{serchtext}||'%' OR MG.CITY LIKE '%'||#{serchtext}||'%')
        AND TO_DATE(TO_CHAR(LDATE)) >=  TO_DATE(TO_CHAR(SYSDATE))                         
	 	ORDER BY DECODE(MG.COUNTRY,#{country},1 ,MG.CITY,#{city},2),MG.COUNTRY,MG.CITY	
	</select>
	
	<insert id="groupMatch" parameterType="java.util.Map">
		INSERT INTO MESSAGEBOX VALUE(MSEQ,ID,SEPARATION,SEND_ID,COUNTRY,CITY,SDATE,LDATE,RECEIVE_DATE,INVITE_GROUP)
		VALUES(MESSAGEBOX_SEQ.NEXTVAL, (SELECT LEADER
 										FROM MATCHING_GROUP
 										WHERE GSEQ = #{gseq}) ,#{separation},#{sendid},#{country},#{city},#{sdate},#{ldate},SYSDATE,#{gseq})	
	</insert>
	
	<select id="inviteCheck" parameterType="int" resultType="String">
		SELECT ID FROM MYGROUP 
		WHERE GSEQ = #{gseq} AND ENABLED = 'Y'
	</select>
	
	<insert id="inviteGroup" parameterType="java.util.Map">
		INSERT INTO MESSAGEBOX
		VALUE(MSEQ, ID, SEPARATION,SEND_ID, COUNTRY, CITY, SDATE, LDATE, RECEIVE_DATE, INVITE_GROUP)
		VALUES(MESSAGEBOX_SEQ.NEXTVAL, #{id}, #{separation},#{sendid}, #{country}, #{city}, #{sdate}, #{ldate}, SYSDATE, #{gseq})
	</insert>
	
	<select id="sendMsgcheck" parameterType="java.util.Map" resultType="messageBox">
		SELECT * FROM MESSAGEBOX 
		WHERE (INVITE_GROUP = #{gseq}) AND SEND_ID = #{id}
	</select>	
</mapper>
