<?xml version="1.0" encoding="UTF-8"?>
<!DOCTYPE mapper PUBLIC "-//mybatis.org//DTD Mapper 3.0//EN" "http://mybatis.org/dtd/mybatis-3-mapper.dtd" >
<mapper namespace="tourmate">

	<resultMap type="com.hk.tourmate.login.dto.MemberDto" id="MemberDtos">
		<result property="id" column="ID" />
		<result property="password" column="PASSWORD" />
		<result property="gender" column="GENDER" />
		<result property="name" column="NAME" />
		<result property="address" column="ADDRESS" />
		<result property="phone" column="PHONE" />
		<result property="email" column="EMAIL" />
		<result property="birth" column="BIRTH" />
		<result property="img" column="IMG" />
		<result property="role" column="ROLE" />
		<result property="enabled" column="ENABLED" />
	</resultMap>

	<resultMap type="com.hk.tourmate.match.dto.MatchDto" id="MatchDto">
		<result property="id" column="ID" />
		<result property="country" column="COUNTRY" />
		<result property="city" column="CITY" />
		<result property="sdate" column="SDATE" />
		<result property="ldate" column="LDATE" />
		<collection property="memberDto" resultMap="MemberDtos"/>
	</resultMap>
	
	<resultMap type="com.hk.tourmate.group.dto.TalkBoardDto" id="TalkBoardDto">
		<result property="tseq" column="TSEQ" />
		<result property="id" column="ID" />
		<result property="gseq" column="GSEQ" />
		<result property="content" column="CONTENT" />
		<result property="regdate" column="REGDATE" />
		<collection property="memberDto" resultMap="MemberDtos"/>
	</resultMap>



	<select id="selectMatch" parameterType="String" resultMap="MatchDto">
		select m.* ,d.*
		from member m , destination d
		where m.id =
		d.id
		and d.id = #{id}
	</select>

	<select id="matchDuoList" parameterType="java.util.Map"
		resultMap="MatchDto">
	<![CDATA[
		select m.id,m.img,d.city,d.country, 
		case d.country when #{country} then '1'
		else '0'
		END AS 나라,
		case d.city when #{city} then '1'
		else '0'
		END AS 시티
		from member m , destination d
		where m.id = d.id and m.id<> #{id}
		order by 나라 desc, country, 시티 desc,city
	]]>
	</select>
	
	<insert id="insertSchedule" parameterType="calboard">
		insert into calboard value(cseq, gseq, stime, ltime, title, content, mdate, regdate)
		values(calboard_seq.nextval, #{gseq}, #{stime}, #{ltime}, #{title}, #{content}, #{mdate}, sysdate)
	</insert>
	
	<select id="selectAll" parameterType="java.util.Map" resultType="calboard">
		select *
		from calboard where gseq=#{gseq} and mdate=#{mdate}
		order by stime, ltime
	</select>

	<!-- jsj-->
	
	<insert id="insertMember" parameterType="member">
		INSERT INTO MEMBER VALUE(ID, PASSWORD, GENDER, NAME, ADDRESS, PHONE, EMAIL, BIRTH, IMG)
		VALUES(#{id}, #{password}, #{gender}, #{name}, #{address}, #{phone}, #{email}, #{birth}, #{img})
	</insert>
	
	<select id="loginChk" parameterType="java.util.Map" resultType="member">
		SELECT ID, PASSWORD, GENDER, NAME, ADDRESS, PHONE, EMAIL, BIRTH, IMG, ROLE, ENABLED
		FROM MEMBER
		WHERE ENABLED='Y' AND ID=#{id} AND PASSWORD=#{password}
	</select>
	
	<insert id="insertDestination" parameterType="destination">
		INSERT INTO DESTINATION VALUE(ID, COUNTRY, CITY, SDATE, LDATE)
		VALUES(#{id}, #{country}, #{city}, #{sdate}, #{ldate})
	</insert>
	
	<update id="updateDestination" parameterType="destination">
		UPDATE DESTINATION SET COUNTRY=#{country}, CITY=#{city}, SDATE=#{sdate}, ldate=#{ldate}
		WHERE ID=#{id}
	</update>
	
	<select id="checkId" parameterType="String" resultType="String">
		SELECT ID FROM MEMBER WHERE ID=#{id}
	</select>
	
	<select id="myInfo" parameterType="String" resultType="member">
		SELECT * FROM MEMBER WHERE ID=#{id}
	</select>
	
	<update id="deleteInfo" parameterType="String">
		UPDATE MEMBER SET ENABLED='N' WHERE ID=#{id}
	</update>
	
	<update id="updateInfo" parameterType="member">
		UPDATE MEMBER SET PASSWORD=#{password}, phone=#{phone}, email=#{email}, address=#{address}, img=#{img}
		WHERE ID=#{id}
	</update>
	
	<insert id="insertTalk" parameterType="talk">
		INSERT INTO TALKBOARD VALUE(TSEQ, ID, GSEQ, CONTENT, REGDATE)
		VALUES(TALKBOARD_SEQ.NEXTVAL, #{id}, #{gseq}, #{content}, SYSDATE)
	</insert>
	
	<select id="talkList" parameterType="int" resultMap="TalkBoardDto">
		SELECT M.IMG, T.TSEQ, M.ID, T.GSEQ, T.CONTENT, T.REGDATE
		FROM TALKBOARD T, MEMBER M
		WHERE T.ID=M.ID AND T.GSEQ=#{gseq}
		ORDER BY T.TSEQ
	</select>
	
	<insert id="insertGroup" parameterType="group">
		INSERT INTO MATCHING_GROUP 
		VALUE(GSEQ, GNAME, GCONTENT, COUNTRY, CITY, SDATE, LDATE, LEADER)
		VALUES(MATCHING_GROUP_SEQ.NEXTVAL, #{gname}, #{gcontent}, #{country}, #{city}, #{sdate}, #{ldate}, #{leader})
	</insert>
	
	<insert id="insertMyGroup" parameterType="String">
		INSERT INTO MYGROUP VALUE(MGSEQ, ID, GSEQ) 
		VALUES(MYGROUP_SEQ.NEXTVAL, #{id}, MATCHING_GROUP_SEQ.CURRVAL)
	</insert>
	
	<update id="updateSchedule" parameterType="calboard">
		update calboard set stime=#{stime}, ltime=#{ltime}, title=#{title}, content=#{content}
		where cseq=#{cseq}
	</update>

	<delete id="deleteSchedule" parameterType="int">
		delete from calboard
		where cseq=#{cseq}
	</delete>	
	
	<select id="myGroup" parameterType="String" resultType="mygroup">
		select mg.gseq, mcg.gname, mcg.country
		from mygroup mg, matching_group mcg 
		where mg.gseq = mcg.gseq
		and id=#{id}
	</select>
	
	<update id="updateGroup" parameterType="group">
		UPDATE MATCHING_GROUP SET GNAME=#{gname}, GCONTENT=#{gcontent}
		WHERE GSEQ=#{gseq}
	</update>
	
	<select id="scheduleCount" parameterType="java.util.Map" resultType="int">
		SELECT COUNT(CSEQ) FROM CALBOARD WHERE MDATE=#{mdate} AND GSEQ=#{gseq}
	</select>
	
	<update id="changeSchedule" parameterType="group">
		UPDATE MATCHING_GROUP SET SDATE=#{sdate}, LDATE=#{ldate} WHERE GSEQ=#{gseq}
	</update>
	
	
	<!--                      kyungss                          -->
	
	
	<select id="selectListAll" resultType="recommendation">
		SELECT * FROM RECOMMENDATION
		ORDER BY RSEQ DESC
	</select>
	
	<insert id="insertRecommendation" parameterType="recommendation">
		INSERT INTO RECOMMENDATION
		VALUES(RECOMMENDATION_SEQ.NEXTVAL, #{country}, #{city}, #{img})
	</insert>
	
	<delete id="delRecommendation" parameterType="int">
		DELETE FROM RECOMMENDATION
		WHERE RSEQ = #{rseq}
	</delete>
	
	<select id="detailRecommendation" parameterType="int" resultType="recommendation">
		SELECT * FROM RECOMMENDATION
		WHERE RSEQ = #{rseq}
	</select>
	
	<update id="updateRecommendation" parameterType="recommendation">
		UPDATE RECOMMENDATION
		SET IMG = #{img}
		WHERE RSEQ = #{rseq}
	</update>
	
	<insert id="insertTourDiary" parameterType="String">
	  INSERT INTO TOUR_DIARY
	  SELECT TOUR_DIARY_SEQ.NEXTVAL, #{id}, M.COUNTRY, M.TITLE, M.SDATE, M.LDATE, M.MDATE
	  FROM (SELECT S.*
      	    FROM (SELECT G.COUNTRY, C.TITLE, G.SDATE, G.LDATE, G.ENABLED, G.DATAMOVE, C.MDATE, G.GSEQ, C.STIME, C.LTIME
           		  FROM MATCHING_GROUP G JOIN CALBOARD C
            	  ON G.GSEQ = C.GSEQ) S
      		WHERE S.GSEQ IN (SELECT GSEQ
                             FROM MYGROUP
                           	 WHERE ID=#{id})
      		ORDER BY S.MDATE, S.STIME, S.LTIME) M
      WHERE M.ENABLED = 'N'
      AND M.DATAMOVE = 'N'
	</insert>
	
	<select id="diaryList" parameterType="java.util.Map" resultType="tourDiary">
		SELECT M.*
		FROM (SELECT ROWNUM RUM, S.*
      		  FROM (SELECT ID, COUNTRY, SDATE, LDATE
            		FROM TOUR_DIARY
            		GROUP BY ID, COUNTRY, SDATE, LDATE
            		HAVING ID= #{id}
            		ORDER BY LDATE DESC, SDATE DESC) S) M
		WHERE M.RUM BETWEEN #{pageNum}*5-4 AND #{pageNum}*5
	</select>
	
	<select id="diaryCnt" parameterType="String" resultType="int">
		SELECT COUNT(*)
		FROM (SELECT ID, COUNTRY, SDATE, LDATE
      		  FROM TOUR_DIARY
      		  GROUP BY ID, COUNTRY, SDATE, LDATE
      		  HAVING ID= #{id})
	</select>
	
	<update id="groupClose" parameterType="String">
		<![CDATA[
			UPDATE MATCHING_GROUP
			SET ENABLED = 'N'
			WHERE LDATE < (SYSDATE-1)
			AND GSEQ IN (SELECT GSEQ
						FROM MYGROUP
						WHERE ID = #{id})
		]]>
	</update>
	
	<update id="myGroupClose">
		UPDATE MYGROUP
		SET ENABLED = 'N'
		WHERE GSEQ IN (SELECT GSEQ
                       FROM MATCHING_GROUP
                       WHERE ENABLED='N')
	</update>
	
	<update id="dataMove">
		UPDATE MATCHING_GROUP
		SET DATAMOVE = 'Y'
		WHERE ENABLED= 'N'
	</update>
	
	<select id="contentList" parameterType="tourDiary" resultType="tourDiary">
		SELECT CONTENT, MDATE
		FROM TOUR_DIARY
		WHERE COUNTRY = #{country}
		AND SDATE = #{sdate}
		AND LDATE = #{ldate}
		AND ID = #{id}
	</select>
	
	<delete id="delDiary" parameterType="tourDiary">
		DELETE FROM TOUR_DIARY
		WHERE COUNTRY = #{country}
		AND SDATE = #{sdate}
		AND LDATE = #{ldate}
		AND ID = #{id}
	</delete>
	
	<select id="messageList" resultType="messageBox" parameterType="java.util.Map">
		SELECT M.MSEQ , M.ID, M.SEPARATION, M.SEND_ID, M.COUNTRY, M.CITY,
       		   M.SDATE, M.LDATE, M.RECEIVE_DATE, M.INVITE_GROUP
		FROM (SELECT ROWNUM RNUM, S.*
      		  FROM (SELECT MSEQ , ID, SEPARATION, SEND_ID, COUNTRY, CITY,
       		   			   SDATE, LDATE, RECEIVE_DATE, INVITE_GROUP
            		FROM MESSAGEBOX
            		WHERE ID = #{id}
            		ORDER BY RECEIVE_DATE DESC) S) M
		WHERE M.RNUM BETWEEN #{pageNum}*7-6 AND #{pageNum}*7
	</select>
	
	<select id="getMessageCnt" parameterType="String" resultType="int">
		SELECT COUNT(*)
		FROM MESSAGEBOX
		WHERE ID = #{id}
	</select>
	
	<delete id="messageRejection" parameterType="int">
		DELETE FROM MESSAGEBOX
		WHERE MSEQ = #{mseq}	
	</delete>
	
	<insert id="inviteMessageAccept" parameterType="java.util.Map">
		INSERT INTO MYGROUP
		VALUE(MGSEQ, ID, GSEQ)
		VALUES(MYGROUP_SEQ.NEXTVAL, #{id}, #{invite_group})
	</insert>
	
	<insert id="requestMessageAccept" parameterType="java.util.Map">
		INSERT INTO MYGROUP
		VALUE(MGSEQ, ID, GSEQ)
		VALUES(MYGROUP_SEQ.NEXTVAL, #{send_id}, #{invite_group})
	</insert>
	
	<select id="insertIdList" resultType="String" parameterType="String">
		SELECT ID
		FROM MYGROUP
		WHERE GSEQ IN (SELECT GSEQ
               		   FROM MATCHING_GROUP
               	 	   WHERE GSEQ IN (SELECT GSEQ
                              		  FROM MYGROUP
                              		  WHERE ID = #{id})
               		   AND ENABLED = 'N'
               		   AND DATAMOVE = 'N')
		GROUP BY ID
	</select>
	
	<select id="myGroupList" resultType="group" parameterType="String">
		SELECT GSEQ, GNAME
		FROM MATCHING_GROUP
		WHERE GSEQ IN (SELECT GSEQ
               		   FROM MYGROUP
               		   WHERE ID = #{id}
               		   AND ENABLED = 'Y')
	</select>
	
	<select id="groupJoin" resultType="group" parameterType="int">
		SELECT *
		FROM MATCHING_GROUP
		WHERE GSEQ = #{gseq}
	</select>
	
	<select id="leavegroup" parameterType="java.util.Map">
		UPDATE MYGROUP
		SET ENABLED = 'N'
		WHERE ID = #{id}
		AND   GSEQ = #{gseq}
	</select>
	
	<select id="changeLeaderList" parameterType="java.util.Map" resultType="String">
		<![CDATA[
		SELECT ID
		FROM MYGROUP
		WHERE GSEQ = #{gseq}
		AND ENABLED = 'Y'
		AND ID <> #{id}
		]]>
	</select>
	
	<update id="changeLeader" parameterType="java.util.Map">
		UPDATE MATCHING_GROUP
		SET LEADER = #{id}
		WHERE GSEQ = #{gseq}
	</update>
	
	<delete id="delGroup" parameterType="int">
		DELETE FROM MATCHING_GROUP
		WHERE GSEQ = #{gseq}
	</delete>
	
	<select id="recommendRList" parameterType="java.util.Map" resultType="recommendation">
		SELECT RSEQ, IMG
		FROM RECOMMENDATION
		WHERE COUNTRY IN (#{country}, '공통')
		AND   CITY IN (#{city}, '공통')
	</select>
	
	<select id="myGroupMember" parameterType="int" resultType="String">
		SELECT ID
		FROM MYGROUP
		WHERE GSEQ = #{gseq}
		AND   ENABLED = 'Y'
	</select>
</mapper>
